Api_detail_URL,Doc_URL
https://apislist.com/api/2068/connect4api,https://connectfourapi.com/?utm_source=apislist.com
https://apislist.com/api/2069/nba-graphql,https://documenter.getpostman.com/view/25652688/2sA2xjzBAS?utm_source=apislist.com
https://apislist.com/api/2073/spoome,https://spoo.me/api?utm_source=apislist.com
https://apislist.com/api/2055/argentina-datos-api,https://argentinadatos.com/?utm_source=apislist.com
https://apislist.com/api/2029/antcheckinfo,https://antcheck.info/api/docs?utm_source=apislist.com
https://apislist.com/api/2039/apicache,https://cache.apicache.dev/docs?utm_source=apislist.com
https://apislist.com/api/2018/countabc-the-counting-api,https://countabc.xyz?utm_source=apislist.com
https://apislist.com/api/832/myvaccination,https://documenter.getpostman.com/view/16605343/Tzm8GG7u?utm_source=apislist.com
https://apislist.com/api/822/covid-19-tracker-sri-lanka,https://www.hpb.health.gov.lk/en/api-documentation?utm_source=apislist.com
https://apislist.com/api/950/openafrica,https://africaopendata.org/?utm_source=apislist.com
https://apislist.com/api/705/postali,https://postali.app/api?utm_source=apislist.com
https://apislist.com/api/824/dataflow-kit-covid-19,https://covid-19.dataflowkit.com?utm_source=apislist.com
https://apislist.com/api/949/open-data-minneapolis,https://opendata.minneapolismn.gov/?utm_source=apislist.com
https://apislist.com/api/345/microenv,https://microenv.com/?utm_source=apislist.com
https://apislist.com/api/95/steem,https://developers.steem.io/?utm_source=apislist.com
https://apislist.com/api/124/domainsdbinfo,https://domainsdb.info/?utm_source=apislist.com
https://apislist.com/api/326/icanhazepoch,https://icanhazepoch.com?utm_source=apislist.com
https://apislist.com/api/821/covid-19-tracker-canada,https://api.covid19tracker.ca/docs/1.0/overview?utm_source=apislist.com
https://apislist.com/api/246/zmok,https://zmok.io?utm_source=apislist.com
https://apislist.com/api/326/icanhazepoch,https://icanhazepoch.com?utm_source=apislist.com
https://apislist.com/api/770/open-government-finland,https://www.avoindata.fi/en?utm_source=apislist.com
https://apislist.com/api/821/covid-19-tracker-canada,https://api.covid19tracker.ca/docs/1.0/overview?utm_source=apislist.com
https://apislist.com/api/1062/share,https://share.osf.io/api/v2/?utm_source=apislist.com
https://apislist.com/api/726/bclaws,https://www.bclaws.gov.bc.ca/civix/template/complete/api/index.html?utm_source=apislist.com
https://apislist.com/api/759/open-government-act,https://www.data.act.gov.au/?utm_source=apislist.com
https://apislist.com/api/815/covid-19-datenhub,https://npgeo-corona-npgeo-de.hub.arcgis.com?utm_source=apislist.com
https://apislist.com/api/978/uspto,https://www.uspto.gov/learning-and-resources/open-data-and-mobility?utm_source=apislist.com
https://apislist.com/api/1335/nhtsa,https://vpic.nhtsa.dot.gov/api/?utm_source=apislist.com
https://apislist.com/api/699/open-topo-data,https://www.opentopodata.org?utm_source=apislist.com
https://apislist.com/api/1279/transport-for-berlin-germany,https://github.com/derhuerst/vbb-rest/blob/3/docs/index.md?utm_source=apislist.com
https://apislist.com/api/1281/transport-for-budapest-hungary,https://bkkfutar.docs.apiary.io?utm_source=apislist.com
https://apislist.com/api/319/host-tcom,https://host-t.com?utm_source=apislist.com
https://apislist.com/api/350/networkcalc,https://networkcalc.com/api/docs?utm_source=apislist.com
https://apislist.com/api/351/npm-registry,https://github.com/npm/registry/blob/master/docs/REGISTRY-API.md?utm_source=apislist.com
https://apislist.com/api/807/us-presidential-election-data-by-togatech,https://uselection.togatech.org/api/?utm_source=apislist.com
https://apislist.com/api/329/image-charts,https://documentation.image-charts.com/?utm_source=apislist.com
https://apislist.com/api/350/networkcalc,https://networkcalc.com/api/docs?utm_source=apislist.com
https://apislist.com/api/351/npm-registry,https://github.com/npm/registry/blob/master/docs/REGISTRY-API.md?utm_source=apislist.com
https://apislist.com/api/831/makeup,http://makeup-api.herokuapp.com/?utm_source=apislist.com
https://apislist.com/api/1065/times-adder,https://github.com/FranP-code/API-Times-Adder?utm_source=apislist.com
https://apislist.com/api/1068/usgs-water-services,https://waterservices.usgs.gov/?utm_source=apislist.com
https://apislist.com/api/1341/catalogopolis,https://api.catalogopolis.xyz/docs/?utm_source=apislist.com
https://apislist.com/api/156/russian-calendar,https://github.com/egno/work-calendar?utm_source=apislist.com
https://apislist.com/api/712/slf,https://github.com/slftool/slftool.github.io/blob/master/API.md?utm_source=apislist.com
https://apislist.com/api/768/open-government-denmark,https://www.opendata.dk/?utm_source=apislist.com
https://apislist.com/api/786/open-government-poland,https://dane.gov.pl/en?utm_source=apislist.com
https://apislist.com/api/751/federal-register,https://www.federalregister.gov/reader-aids/developer-resources/rest-api?utm_source=apislist.com
https://apislist.com/api/301/extendsclass-json-storage,https://extendsclass.com/json-storage.html?utm_source=apislist.com
https://apislist.com/api/747/district-of-columbia-open-data,http://opendata.dc.gov/pages/using-apis?utm_source=apislist.com
https://apislist.com/api/985/forismatic,http://forismatic.com/en/api/?utm_source=apislist.com
https://apislist.com/api/1323/mgnetme,http://mgnet.me/api.html?utm_source=apislist.com
https://apislist.com/api/263/vatcomplycom,https://www.vatcomply.com/documentation?utm_source=apislist.com
https://apislist.com/api/331/ip-fastcom,https://ip-fast.com/docs/?utm_source=apislist.com
https://apislist.com/api/816/covid-19-government-response,https://covidtracker.bsg.ox.ac.uk?utm_source=apislist.com
https://apislist.com/api/331/ip-fastcom,https://ip-fast.com/docs/?utm_source=apislist.com
https://apislist.com/api/816/covid-19-government-response,https://covidtracker.bsg.ox.ac.uk?utm_source=apislist.com
https://apislist.com/api/817/covid-19-india,https://data.covid19india.org/?utm_source=apislist.com
https://apislist.com/api/803/open-government-west-australia,https://data.wa.gov.au/?utm_source=apislist.com
https://apislist.com/api/321/http2pro,https://http2.pro/doc/api?utm_source=apislist.com
https://apislist.com/api/763/open-government-belgium,https://data.gov.be/?utm_source=apislist.com
https://apislist.com/api/781/open-government-netherlands,https://data.overheid.nl/en/ondersteuning/data-publiceren/api?utm_source=apislist.com
https://apislist.com/api/381/sonar,https://github.com/Cgboal/SonarSearch?utm_source=apislist.com
https://apislist.com/api/686/ipgeo,https://api.techniknews.net/ipgeo/?utm_source=apislist.com
https://apislist.com/api/2003/countabc-the-counting-api,https://countabc.xyz?utm_source=apislist.com
https://apislist.com/api/651/cepla,http://cep.la/?utm_source=apislist.com
https://apislist.com/api/772/open-government-germany,https://www.govdata.de/daten/-/details/govdata-metadatenkatalog?utm_source=apislist.com
https://apislist.com/api/1303/transport-for-toronto-canada,https://myttc.ca/developers?utm_source=apislist.com
https://apislist.com/api/335/ipinfo,https://ipinfo.io/developers?utm_source=apislist.com
https://apislist.com/api/340/license-api,https://github.com/cmccandless/license-api/blob/master/README.md?utm_source=apislist.com
https://apislist.com/api/805/represent-by-open-north,https://represent.opennorth.ca/?utm_source=apislist.com
https://apislist.com/api/1303/transport-for-toronto-canada,https://myttc.ca/developers?utm_source=apislist.com
https://apislist.com/api/335/ipinfo,https://ipinfo.io/developers?utm_source=apislist.com
https://apislist.com/api/340/license-api,https://github.com/cmccandless/license-api/blob/master/README.md?utm_source=apislist.com
https://apislist.com/api/1220/yes-no,https://yesno.wtf/api?utm_source=apislist.com
https://apislist.com/api/776/open-government-italy,https://www.dati.gov.it/?utm_source=apislist.com
https://apislist.com/api/784/open-government-norway,https://data.norge.no/dataservices?utm_source=apislist.com
https://apislist.com/api/787/open-government-portugal,https://dados.gov.pt/en/docapi/?utm_source=apislist.com
https://apislist.com/api/1095/mozilla-http-scanner,https://github.com/mozilla/http-observatory/blob/master/httpobs/docs/api.md?utm_source=apislist.com
https://apislist.com/api/1253/bc-ferries,https://www.bcferriesapi.ca?utm_source=apislist.com
https://apislist.com/api/1276/transport-for-atlanta-us,http://www.itsmarta.com/app-developer-resources.aspx?utm_source=apislist.com
https://apislist.com/api/812/coronavirus-in-the-uk,https://coronavirus.data.gov.uk/details/developers-guide?utm_source=apislist.com
https://apislist.com/api/813/covid-tracking-project,https://covidtracking.com/data/api/version-2?utm_source=apislist.com
https://apislist.com/api/1069/world-bank,https://datahelpdesk.worldbank.org/knowledgebase/topics/125589?utm_source=apislist.com
https://apislist.com/api/1069/world-bank,https://datahelpdesk.worldbank.org/knowledgebase/topics/125589?utm_source=apislist.com
https://apislist.com/api/723/zippopotamus,http://www.zippopotam.us?utm_source=apislist.com
https://apislist.com/api/468/pm25-open-data-portal,https://pm25.lass-net.org/#apis?utm_source=apislist.com
https://apislist.com/api/818/covid-19-jhu-csse,https://nuttaphat.com/covid19-api/?utm_source=apislist.com
https://apislist.com/api/1081/emailrep,https://docs.emailrep.io/?utm_source=apislist.com
https://apislist.com/api/1205/loripsum,http://loripsum.net/?utm_source=apislist.com
https://apislist.com/api/1991/unofficial-urban-dictionary-api,https://unofficialurbandictionaryapi.com/?utm_source=apislist.com
https://apislist.com/api/113/quran-cloud,https://alquran.cloud/api?utm_source=apislist.com
https://apislist.com/api/743/data-usa,https://datausa.io/about/api/?utm_source=apislist.com
https://apislist.com/api/794/open-government-south-australian-government,https://data.sa.gov.au/?utm_source=apislist.com
https://apislist.com/api/992/quotable-quotes,https://github.com/lukePeavey/quotable?utm_source=apislist.com
https://apislist.com/api/242/solana-json-rpc,https://docs.solana.com/developing/clients/jsonrpc-api?utm_source=apislist.com
https://apislist.com/api/328/ifttt,https://platform.ifttt.com/docs/connect_api?utm_source=apislist.com
https://apislist.com/api/377/serialif-color,https://color.serialif.com/?utm_source=apislist.com
https://apislist.com/api/1360/stapi,http://stapi.co?utm_source=apislist.com
https://apislist.com/api/242/solana-json-rpc,https://docs.solana.com/developing/clients/jsonrpc-api?utm_source=apislist.com
https://apislist.com/api/266/purgomalum,http://www.purgomalum.com?utm_source=apislist.com
https://apislist.com/api/289/cdnjs,https://api.cdnjs.com/libraries/jquery?utm_source=apislist.com
https://apislist.com/api/328/ifttt,https://platform.ifttt.com/docs/connect_api?utm_source=apislist.com
https://apislist.com/api/377/serialif-color,https://color.serialif.com/?utm_source=apislist.com
https://apislist.com/api/613/psychonauts,https://psychonauts-api.netlify.app/?utm_source=apislist.com
https://apislist.com/api/384/statically,https://statically.io/?utm_source=apislist.com
https://apislist.com/api/796/open-government-sweden,https://www.dataportal.se/en/dataservice/91_29789/api-for-the-statistical-database?utm_source=apislist.com
https://apislist.com/api/835/open-data-nhs-scotland,https://www.opendata.nhs.scot?utm_source=apislist.com
https://apislist.com/api/844/devitjobs-uk,https://devitjobs.uk/job_feed.xml?utm_source=apislist.com
https://apislist.com/api/1046/iseven-humor,https://isevenapi.xyz/?utm_source=apislist.com
https://apislist.com/api/339/kroki,https://kroki.io?utm_source=apislist.com
https://apislist.com/api/380/shoutcloud,http://shoutcloud.io/?utm_source=apislist.com
https://apislist.com/api/677/ibge,https://servicodados.ibge.gov.br/api/docs/?utm_source=apislist.com
https://apislist.com/api/339/kroki,https://kroki.io?utm_source=apislist.com
https://apislist.com/api/380/shoutcloud,http://shoutcloud.io/?utm_source=apislist.com
https://apislist.com/api/677/ibge,https://servicodados.ibge.gov.br/api/docs/?utm_source=apislist.com
https://apislist.com/api/734/city-gdynia,http://otwartedane.gdynia.pl/en/api_doc.html?utm_source=apislist.com
https://apislist.com/api/783/open-government-new-zealand,https://www.data.govt.nz/?utm_source=apislist.com
https://apislist.com/api/1213/robohash,https://robohash.org/?utm_source=apislist.com
https://apislist.com/api/72/icons8,https://img.icons8.com/?utm_source=apislist.com
https://apislist.com/api/684/ipapico,https://ipapi.co/api/#introduction?utm_source=apislist.com
https://apislist.com/api/157/uk-bank-holidays,https://www.gov.uk/bank-holidays.json?utm_source=apislist.com
https://apislist.com/api/789/open-government-romania,http://data.gov.ro/?utm_source=apislist.com
https://apislist.com/api/995/quotes-on-design,https://quotesondesign.com/api/?utm_source=apislist.com
https://apislist.com/api/1044/idigbio,https://github.com/idigbio/idigbio-search-api/wiki?utm_source=apislist.com
https://apislist.com/api/1136/hackernews,https://github.com/HackerNews/API?utm_source=apislist.com
https://apislist.com/api/334/ipify,https://www.ipify.org/?utm_source=apislist.com
https://apislist.com/api/673/hellosalut,https://fourtonfish.com/project/hellosalut-api/?utm_source=apislist.com
https://apislist.com/api/764/open-government-canada,http://open.canada.ca/en?utm_source=apislist.com
https://apislist.com/api/1321/gotiny,https://github.com/robvanbakel/gotiny-api?utm_source=apislist.com
https://apislist.com/api/104/crossref-metadata-search,https://github.com/CrossRef/rest-api-doc?utm_source=apislist.com
https://apislist.com/api/334/ipify,https://www.ipify.org/?utm_source=apislist.com
https://apislist.com/api/673/hellosalut,https://fourtonfish.com/project/hellosalut-api/?utm_source=apislist.com
https://apislist.com/api/764/open-government-canada,http://open.canada.ca/en?utm_source=apislist.com
https://apislist.com/api/778/open-government-lithuania,https://data.gov.lt/public/api/1?utm_source=apislist.com
https://apislist.com/api/155/non-working-days,https://github.com/gadael/icsdb?utm_source=apislist.com
https://apislist.com/api/209/coinlore,https://www.coinlore.com/cryptocurrency-data-api?utm_source=apislist.com
https://apislist.com/api/300/domaindb-info,https://api.domainsdb.info/?utm_source=apislist.com
https://apislist.com/api/762/open-government-austria,https://www.data.gv.at/?utm_source=apislist.com
https://apislist.com/api/945/lowy-asia-power-index,https://github.com/0x0is1/lowy-index-api-docs?utm_source=apislist.com
https://apislist.com/api/256/economiaawesome,https://docs.awesomeapi.com.br/api-de-moedas?utm_source=apislist.com
https://apislist.com/api/455/techy,https://techy-api.vercel.app/?utm_source=apislist.com
https://apislist.com/api/1803/form2channel,https://form2channel.com/?utm_source=apislist.com
https://apislist.com/api/1838/medicare,https://data.medicare.gov/developers?utm_source=apislist.com
https://apislist.com/api/1848/tronalddumpio,https://www.tronalddump.io?utm_source=apislist.com
https://apislist.com/api/215/cryptapi,https://docs.cryptapi.io/?utm_source=apislist.com
https://apislist.com/api/215/cryptapi,https://docs.cryptapi.io/?utm_source=apislist.com
https://apislist.com/api/237/nexchange,https://nexchange2.docs.apiary.io/?utm_source=apislist.com
https://apislist.com/api/969/drupalorg,https://www.drupal.org/drupalorg/docs/api?utm_source=apislist.com
https://apislist.com/api/235/mercadobitcoin,https://www.mercadobitcoin.com.br/api-doc/?utm_source=apislist.com
https://apislist.com/api/337/json-2-jsonp,https://json2jsonp.com/?utm_source=apislist.com
https://apislist.com/api/802/open-government-victoria-state-government,https://www.data.vic.gov.au/?utm_source=apislist.com
https://apislist.com/api/972/github-readme-stats,https://github.com/anuraghazra/github-readme-stats?utm_source=apislist.com
https://apislist.com/api/982/dictum,https://github.com/fisenkodv/dictum?utm_source=apislist.com
https://apislist.com/api/656/freegeoip,https://freegeoip.app/?utm_source=apislist.com
https://apislist.com/api/1094/microsoft-security-response-center-msrc,https://msrc.microsoft.com/report/developer?utm_source=apislist.com
https://apislist.com/api/1308/transportrest,https://transport.rest?utm_source=apislist.com
https://apislist.com/api/140/tenders-in-spain,https://tenders.guru/es/api?utm_source=apislist.com
https://apislist.com/api/265/postman-echo,https://www.postman-echo.com?utm_source=apislist.com
https://apislist.com/api/462/danish-data-service-energi,https://www.energidataservice.dk/?utm_source=apislist.com
https://apislist.com/api/725/bank-negara-malaysia-open-data,https://apikijangportal.bnm.gov.my/?utm_source=apislist.com
https://apislist.com/api/1026/placekeanu,https://placekeanu.com/?utm_source=apislist.com
https://apislist.com/api/391/chinese-text-project,https://ctext.org/tools/api?utm_source=apislist.com
https://apislist.com/api/473/website-carbon,https://api.websitecarbon.com/?utm_source=apislist.com
https://apislist.com/api/649/bng2latlong,https://www.getthedata.com/bng2latlong?utm_source=apislist.com
https://apislist.com/api/73/lordicon,https://lordicon.com/?utm_source=apislist.com
https://apislist.com/api/211/coinpaprika,https://api.coinpaprika.com?utm_source=apislist.com
https://apislist.com/api/391/chinese-text-project,https://ctext.org/tools/api?utm_source=apislist.com
https://apislist.com/api/473/website-carbon,https://api.websitecarbon.com/?utm_source=apislist.com
https://apislist.com/api/649/bng2latlong,https://www.getthedata.com/bng2latlong?utm_source=apislist.com
https://apislist.com/api/1277/transport-for-auckland-new-zealand,https://dev-portal.at.govt.nz/?utm_source=apislist.com
https://apislist.com/api/552/bugsnax,https://www.bugsnaxapi.com/?utm_source=apislist.com
https://apislist.com/api/641/administrative-divisons-db,https://github.com/kamikazechaser/administrative-divisions-db?utm_source=apislist.com
https://apislist.com/api/833/nppes,https://npiregistry.cms.hhs.gov/registry/help-api?utm_source=apislist.com
https://apislist.com/api/1218/uuid-generator,https://www.uuidtools.com/docs?utm_source=apislist.com
https://apislist.com/api/780/open-government-mexico,https://www.inegi.org.mx/datos/?utm_source=apislist.com
https://apislist.com/api/1059/open-science-framework,https://developer.osf.io?utm_source=apislist.com
https://apislist.com/api/1922/ipapiis,https://ipapi.is/developers.html?utm_source=apislist.com
https://apislist.com/api/70/icon-horse,https://icon.horse?utm_source=apislist.com
https://apislist.com/api/225/gemini,https://docs.gemini.com/rest-api/?utm_source=apislist.com
https://apislist.com/api/836/open-disease,https://disease.sh/?utm_source=apislist.com
https://apislist.com/api/1257/community-transit,https://github.com/transitland/transitland-datastore/blob/master/README.md#api-endpoints?utm_source=apislist.com
https://apislist.com/api/672/graph-countries,https://github.com/lennertVanSever/graphcountries?utm_source=apislist.com
https://apislist.com/api/765/open-government-colombia,https://www.dane.gov.co/?utm_source=apislist.com
https://apislist.com/api/836/open-disease,https://disease.sh/?utm_source=apislist.com
https://apislist.com/api/1257/community-transit,https://github.com/transitland/transitland-datastore/blob/master/README.md#api-endpoints?utm_source=apislist.com
https://apislist.com/api/792/open-government-slovakia,https://data.gov.sk/en/?utm_source=apislist.com
https://apislist.com/api/1058/open-notify,http://open-notify.org/Open-Notify-API/?utm_source=apislist.com
https://apislist.com/api/1244/whatpulse,https://developer.whatpulse.org/#web-api?utm_source=apislist.com
https://apislist.com/api/146/church-calendar,http://calapi.inadiutorium.cz/?utm_source=apislist.com
https://apislist.com/api/1800/numvalidate,https://numvalidate.com?utm_source=apislist.com
https://apislist.com/api/206/coingecko,http://www.coingecko.com/api?utm_source=apislist.com
https://apislist.com/api/548/bartervg,https://github.com/bartervg/barter.vg/wiki?utm_source=apislist.com
https://apislist.com/api/681/ip-api,https://ip-api.com/docs?utm_source=apislist.com
https://apislist.com/api/960/university-of-oslo,https://data.uio.no/?utm_source=apislist.com
https://apislist.com/api/657/geoapi,https://api.gouv.fr/api/geoapi.html?utm_source=apislist.com
https://apislist.com/api/703/pinball-map,https://pinballmap.com/api/v1/docs?utm_source=apislist.com
https://apislist.com/api/850/open-skills,https://github.com/workforce-data-initiative/skills-api/wiki/API-Overview?utm_source=apislist.com
https://apislist.com/api/703/pinball-map,https://pinballmap.com/api/v1/docs?utm_source=apislist.com
https://apislist.com/api/850/open-skills,https://github.com/workforce-data-initiative/skills-api/wiki/API-Overview?utm_source=apislist.com
https://apislist.com/api/966/countly,https://api.count.ly/reference?utm_source=apislist.com
https://apislist.com/api/676/hong-kong-geodata-store,https://geodata.gov.hk/gs/?utm_source=apislist.com
https://apislist.com/api/957/teleport,https://developers.teleport.org/?utm_source=apislist.com
https://apislist.com/api/1212/randomuser,https://randomuser.me?utm_source=apislist.com
https://apislist.com/api/727/brazil,https://brasilapi.com.br/?utm_source=apislist.com
https://apislist.com/api/1137/hashnode,https://hashnode.com?utm_source=apislist.com
https://apislist.com/api/131/markerapi,https://markerapi.com?utm_source=apislist.com
https://apislist.com/api/1021/lorem-picsum,https://picsum.photos/?utm_source=apislist.com
https://apislist.com/api/1180/nhl-records-and-stats,https://gitlab.com/dword4/nhlapi?utm_source=apislist.com
https://apislist.com/api/655/ducks-unlimited,https://gis.ducks.org/datasets/du-university-chapters/api?utm_source=apislist.com
https://apislist.com/api/1179/nba-stats,https://any-api.com/nba_com/nba_com/docs/API_Description?utm_source=apislist.com
https://apislist.com/api/791/open-government-singapore,https://data.gov.sg/developer?utm_source=apislist.com
https://apislist.com/api/1106/uk-police,https://data.police.uk/docs/?utm_source=apislist.com
https://apislist.com/api/938/collegescorecardedgov,https://collegescorecard.ed.gov/data/?utm_source=apislist.com
https://apislist.com/api/1106/uk-police,https://data.police.uk/docs/?utm_source=apislist.com
https://apislist.com/api/1209/quickmocker,https://quickmocker.com?utm_source=apislist.com
https://apislist.com/api/706/postcodedatanl,http://api.postcodedata.nl/v1/postcode/?postcode=1211EP&streetnumber=60&ref=domeinnaam.nl&type=json?utm_source=apislist.com
https://apislist.com/api/901/openwhyd,https://openwhyd.github.io/openwhyd/API?utm_source=apislist.com
https://apislist.com/api/1294/transport-for-norway,https://developer.entur.org/?utm_source=apislist.com
https://apislist.com/api/2027/color-name-api,https://github.com/meodai/color-name-api?utm_source=apislist.com
https://apislist.com/api/347/my-ip,https://www.myip.com/api-docs/?utm_source=apislist.com
https://apislist.com/api/666/geojs,https://www.geojs.io/?utm_source=apislist.com
https://apislist.com/api/1060/purple-air,https://www2.purpleair.com/?utm_source=apislist.com
https://apislist.com/api/1192/suredbits,https://suredbits.com/api/?utm_source=apislist.com
https://apislist.com/api/101/bhagavad-gita-telugu,https://gita-api.vercel.app?utm_source=apislist.com
https://apislist.com/api/609/playerdb,https://playerdb.co/?utm_source=apislist.com
https://apislist.com/api/1082/escape,https://github.com/polarspetroll/EscapeAPI?utm_source=apislist.com
https://apislist.com/api/994/quoteclear,https://quoteclear.web.app/?utm_source=apislist.com
https://apislist.com/api/1082/escape,https://github.com/polarspetroll/EscapeAPI?utm_source=apislist.com
https://apislist.com/api/760/open-government-argentina,https://datos.gob.ar/?utm_source=apislist.com
https://apislist.com/api/798/open-government-taiwan,https://data.gov.tw/?utm_source=apislist.com
https://apislist.com/api/1146/open-collective,https://docs.opencollective.com/help/developers/api?utm_source=apislist.com
https://apislist.com/api/1867/transport-for-boston-us,https://mbta.com/developers/v3-api?utm_source=apislist.com
https://apislist.com/api/820/covid-19-philippines,https://github.com/Simperfy/Covid-19-API-Philippines-DOH?utm_source=apislist.com
https://apislist.com/api/1278/transport-for-belgium,https://docs.irail.be/?utm_source=apislist.com
https://apislist.com/api/292/cloudflare-trace,https://github.com/fawazahmed0/cloudflare-trace-api?utm_source=apislist.com
https://apislist.com/api/236/messari,https://messari.io/api?utm_source=apislist.com
https://apislist.com/api/1000/vadivelu-http-codes,https://vadivelu.anoram.com/?utm_source=apislist.com
https://apislist.com/api/605/monster-hunter-world,https://docs.mhw-db.com/?utm_source=apislist.com
https://apislist.com/api/695/mexico,https://github.com/IcaliaLabs/sepomex?utm_source=apislist.com
https://apislist.com/api/1262/icelandic-apis,http://docs.apis.is/?utm_source=apislist.com
https://apislist.com/api/1397/opensensemap,https://api.opensensemap.org/?utm_source=apislist.com
https://apislist.com/api/1834/colorado-data-engine,http://codataengine.org/?utm_source=apislist.com
https://apislist.com/api/488/fed-treasury,https://fiscaldata.treasury.gov/api-documentation/?utm_source=apislist.com
https://apislist.com/api/605/monster-hunter-world,https://docs.mhw-db.com/?utm_source=apislist.com
https://apislist.com/api/695/mexico,https://github.com/IcaliaLabs/sepomex?utm_source=apislist.com
https://apislist.com/api/748/epa,https://www.epa.gov/developers/data-data-products#apis?utm_source=apislist.com
https://apislist.com/api/998/traitify,https://app.traitify.com/developer?utm_source=apislist.com
https://apislist.com/api/1219/what-the-commit,http://whatthecommit.com/index.txt?utm_source=apislist.com
https://apislist.com/api/800/open-government-uk,https://data.gov.uk/?utm_source=apislist.com
https://apislist.com/api/809/usaspendinggov,https://api.usaspending.gov/?utm_source=apislist.com
https://apislist.com/api/1051/minor-planet-center,http://www.asterank.com/mpc?utm_source=apislist.com
https://apislist.com/api/93/helium,https://docs.helium.com/api/blockchain/introduction/?utm_source=apislist.com
https://apislist.com/api/801/open-government-usa,https://www.data.gov/?utm_source=apislist.com
https://apislist.com/api/889/genrenator,https://binaryjazz.us/genrenator-api/?utm_source=apislist.com
https://apislist.com/api/57/urlhaus,https://urlhaus-api.abuse.ch/?utm_source=apislist.com
https://apislist.com/api/709/rest-countries,https://restcountries.com?utm_source=apislist.com
https://apislist.com/api/57/urlhaus,https://urlhaus-api.abuse.ch/?utm_source=apislist.com
https://apislist.com/api/709/rest-countries,https://restcountries.com?utm_source=apislist.com
https://apislist.com/api/1055/noctua,https://api.noctuasky.com/api/v1/swaggerdoc/?utm_source=apislist.com
https://apislist.com/api/1343/czech-television,http://www.ceskatelevize.cz/xml/tv-program/?utm_source=apislist.com
https://apislist.com/api/1992/dolarapicom,https://dolarapi.com/?utm_source=apislist.com
https://apislist.com/api/598/magic-the-gathering,http://magicthegathering.io/?utm_source=apislist.com
https://apislist.com/api/448/corporate-buzz-words,https://github.com/sameerkumar18/corporate-bs-generator-api?utm_source=apislist.com
https://apislist.com/api/427/vector-express-v20,https://vector.express?utm_source=apislist.com
https://apislist.com/api/535/tacofancy,https://github.com/evz/tacofancy-api?utm_source=apislist.com
https://apislist.com/api/630/tetrio,https://tetr.io/about/api/?utm_source=apislist.com
https://apislist.com/api/1061/remote-calc,https://github.com/elizabethadegbaju/remotecalc?utm_source=apislist.com
https://apislist.com/api/1207/metaphorsum,http://metaphorpsum.com/?utm_source=apislist.com
https://apislist.com/api/1364/swapi,https://swapi.dev/?utm_source=apislist.com
https://apislist.com/api/203/coincap,https://docs.coincap.io/?utm_source=apislist.com
https://apislist.com/api/275/apicagent,https://www.apicagent.com?utm_source=apislist.com
https://apislist.com/api/652/citysdk,http://www.citysdk.eu/citysdk-toolkit/?utm_source=apislist.com
https://apislist.com/api/364/quickchart,https://quickchart.io/?utm_source=apislist.com
https://apislist.com/api/564/digimon-tcg,https://documenter.getpostman.com/view/14059948/TzecB4fH?utm_source=apislist.com
https://apislist.com/api/650/cartesio,https://github.com/M-Media-Group/Cartes.io/wiki/API?utm_source=apislist.com
https://apislist.com/api/652/citysdk,http://www.citysdk.eu/citysdk-toolkit/?utm_source=apislist.com
https://apislist.com/api/730/brazilian-chamber-of-deputies-open-data,https://dadosabertos.camara.leg.br/swagger/api.html?utm_source=apislist.com
https://apislist.com/api/1203/itsthisforthat,https://itsthisforthat.com/api.php?utm_source=apislist.com
https://apislist.com/api/452/meme-maker,https://mememaker.github.io/API/?utm_source=apislist.com
https://apislist.com/api/303/genderizeio,https://genderize.io?utm_source=apislist.com
https://apislist.com/api/542/whiskyhunter,https://whiskyhunter.net/api/?utm_source=apislist.com
https://apislist.com/api/636/when-is-next-mcu-film,https://github.com/DiljotSG/MCU-Countdown/blob/develop/docs/API.md?utm_source=apislist.com
https://apislist.com/api/775/open-government-ireland,https://data.gov.ie/pages/developers?utm_source=apislist.com
https://apislist.com/api/1789/byabbe,https://byabbe.se/on-this-day/#/default/get__month___day__events_json?utm_source=apislist.com
https://apislist.com/api/1985/marketstack-api,https://marketstack.com/documentation?utm_source=apislist.com
https://apislist.com/api/964/wikipedia,https://www.mediawiki.org/wiki/API:Main_page?utm_source=apislist.com
https://apislist.com/api/1098/passwordinator,https://github.com/fawazsullia/password-generator/?utm_source=apislist.com
https://apislist.com/api/1353/mcu-countdown,https://github.com/DiljotSG/MCU-Countdown?utm_source=apislist.com
https://apislist.com/api/175/the-null-pointer,https://0x0.st?utm_source=apislist.com
https://apislist.com/api/642/adressedatagouvfr,https://adresse.data.gouv.fr?utm_source=apislist.com
https://apislist.com/api/175/the-null-pointer,https://0x0.st?utm_source=apislist.com
https://apislist.com/api/642/adressedatagouvfr,https://adresse.data.gouv.fr?utm_source=apislist.com
https://apislist.com/api/1404/us-weather,https://www.weather.gov/documentation/services-web-api?utm_source=apislist.com
https://apislist.com/api/615/puyo-nexus,https://github.com/deltadex7/puyodb-api-deno?utm_source=apislist.com
https://apislist.com/api/1083/filterlists,https://filterlists.com?utm_source=apislist.com
https://apislist.com/api/1216/this-person-does-not-exist,https://thispersondoesnotexist.com?utm_source=apislist.com
https://apislist.com/api/487/econdb,https://www.econdb.com/api/?utm_source=apislist.com
https://apislist.com/api/665/geographql,https://geographql.netlify.app?utm_source=apislist.com
https://apislist.com/api/936/callookinfo,https://callook.info?utm_source=apislist.com
https://apislist.com/api/1177/mlb-records-and-stats,https://appac.github.io/mlb-data-api-docs/?utm_source=apislist.com
https://apislist.com/api/1210/random-data,https://random-data-api.com?utm_source=apislist.com
https://apislist.com/api/67/emojihub,https://github.com/cheatsnake/emojihub?utm_source=apislist.com
https://apislist.com/api/111/poetrydb,https://github.com/thundercomb/poetrydb#readme?utm_source=apislist.com
https://apislist.com/api/757/istanbul-bb-open-data,https://data.ibb.gov.tr?utm_source=apislist.com
https://apislist.com/api/120/wolne-lektury,https://wolnelektury.pl/api/?utm_source=apislist.com
https://apislist.com/api/1125/aztro,https://aztro.sameerkumar.website/?utm_source=apislist.com
https://apislist.com/api/453/namomemes,https://github.com/theIYD/NaMoMemes?utm_source=apislist.com
https://apislist.com/api/152/lectserve,http://www.lectserve.com?utm_source=apislist.com
https://apislist.com/api/453/namomemes,https://github.com/theIYD/NaMoMemes?utm_source=apislist.com
https://apislist.com/api/154/namedays-calendar,https://nameday.abalin.net?utm_source=apislist.com
https://apislist.com/api/262/national-bank-of-poland,http://api.nbp.pl/en.html?utm_source=apislist.com
https://apislist.com/api/497/indian-mutual-fund,https://www.mfapi.in/?utm_source=apislist.com
https://apislist.com/api/767/open-government-czech-republic,https://data.gov.cz/english/?utm_source=apislist.com
https://apislist.com/api/826/healthcaregov,https://www.healthcare.gov/developers/?utm_source=apislist.com
https://apislist.com/api/971/github-contribution-chart-generator,https://github-contributions.vercel.app?utm_source=apislist.com
https://apislist.com/api/336/jsdelivr,https://github.com/jsdelivr/data.jsdelivr.com?utm_source=apislist.com
https://apislist.com/api/217/cryptocompare,https://www.cryptocompare.com/api#?utm_source=apislist.com
https://apislist.com/api/732/city-berlin,https://daten.berlin.de/?utm_source=apislist.com
https://apislist.com/api/1204/jsonplaceholder,http://jsonplaceholder.typicode.com/?utm_source=apislist.com
https://apislist.com/api/89/chainlink,https://chain.link/developer-resources?utm_source=apislist.com
https://apislist.com/api/117/thirukkural,https://api-thirukkural.web.app/?utm_source=apislist.com
https://apislist.com/api/1842/searchgov-jobs,https://search.gov/developer/jobs.html?utm_source=apislist.com
https://apislist.com/api/435/eva,https://eva.pingutil.com/?utm_source=apislist.com
https://apislist.com/api/438/kickbox,https://open.kickbox.com/?utm_source=apislist.com
https://apislist.com/api/860/deepcode,https://www.deepcode.ai?utm_source=apislist.com
https://apislist.com/api/1377/web-series-quotes-generator,https://github.com/yogeshwaran01/web-series-quotes?utm_source=apislist.com
https://apislist.com/api/1842/searchgov-jobs,https://search.gov/developer/jobs.html?utm_source=apislist.com
https://apislist.com/api/1816/indian-bank-data-api,https://github.com/kaustubhk24/Indian-Banks-Data?utm_source=apislist.com
https://apislist.com/api/74/metropolitan-museum-of-art,https://metmuseum.github.io/?utm_source=apislist.com
https://apislist.com/api/114/quran-api,https://github.com/fawazahmed0/quran-api#readme?utm_source=apislist.com
https://apislist.com/api/295/cors-proxy,https://github.com/burhanuday/cors-proxy?utm_source=apislist.com
https://apislist.com/api/435/eva,https://eva.pingutil.com/?utm_source=apislist.com
https://apislist.com/api/438/kickbox,https://open.kickbox.com/?utm_source=apislist.com
https://apislist.com/api/742/colorado-information-marketplace,https://data.colorado.gov/?utm_source=apislist.com
https://apislist.com/api/973/metabase,https://www.metabase.com/?utm_source=apislist.com
https://apislist.com/api/1318/drivet-url-shortener,https://wiki.drivet.xyz/en/url-shortener/add-links?utm_source=apislist.com
https://apislist.com/api/1346/final-space,https://finalspaceapi.com/docs/?utm_source=apislist.com
https://apislist.com/api/255/czech-national-bank,https://www.cnb.cz/cs/financni_trhy/devizovy_trh/kurzy_devizoveho_trhu/denni_kurz.xml?utm_source=apislist.com
https://apislist.com/api/508/razorpay-ifsc,https://razorpay.com/docs/?utm_source=apislist.com
https://apislist.com/api/255/czech-national-bank,https://www.cnb.cz/cs/financni_trhy/devizovy_trh/kurzy_devizoveho_trhu/denni_kurz.xml?utm_source=apislist.com
https://apislist.com/api/439/mailgw,https://docs.mail.gw?utm_source=apislist.com
https://apislist.com/api/508/razorpay-ifsc,https://razorpay.com/docs/?utm_source=apislist.com
https://apislist.com/api/660/geocodexyz,https://geocode.xyz/api?utm_source=apislist.com
https://apislist.com/api/547/autochess-vng,https://github.com/didadadida93/autochess-vng-api?utm_source=apislist.com
https://apislist.com/api/579/gdbrowser,https://gdbrowser.com/api?utm_source=apislist.com
https://apislist.com/api/250/bank-of-russia,https://www.cbr.ru/development/SXML/?utm_source=apislist.com
https://apislist.com/api/261/freeforexapi,https://freeforexapi.com/Home/Api?utm_source=apislist.com
https://apislist.com/api/946/microlinkio,https://microlink.io?utm_source=apislist.com
https://apislist.com/api/2031/valorant-esports,https://vlresports.vercel.app?utm_source=apislist.com
https://apislist.com/api/442/mailcheckai,https://www.mailcheck.ai/#documentation?utm_source=apislist.com
https://apislist.com/api/1201/fakestoreapi,https://fakestoreapi.com/?utm_source=apislist.com
https://apislist.com/api/278/apisguru,https://apis.guru/api-doc/?utm_source=apislist.com
https://apislist.com/api/363/qrcode-monkey,https://www.qrcode-monkey.com/qr-code-api-with-logo/?utm_source=apislist.com
https://apislist.com/api/628/tcgdex,https://www.tcgdex.net/docs?utm_source=apislist.com
https://apislist.com/api/234/mempool,https://mempool.space/api?utm_source=apislist.com
https://apislist.com/api/472/uk-carbon-intensity,https://carbon-intensity.github.io/api-definitions/#carbon-intensity-api-v1-0-0?utm_source=apislist.com
https://apislist.com/api/472/uk-carbon-intensity,https://carbon-intensity.github.io/api-definitions/#carbon-intensity-api-v1-0-0?utm_source=apislist.com
https://apislist.com/api/1029/resmushit,https://resmush.it/api?utm_source=apislist.com
https://apislist.com/api/1245/ads-b-exchange,https://www.adsbexchange.com/data/?utm_source=apislist.com
https://apislist.com/api/1040/arcsecondio,https://api.arcsecond.io/?utm_source=apislist.com
https://apislist.com/api/1312/1pt,https://github.com/1pt-co/api/blob/main/README.md?utm_source=apislist.com
https://apislist.com/api/1347/game-of-thrones-quotes,https://gameofthronesquotes.xyz/?utm_source=apislist.com
https://apislist.com/api/577/funtranslations,https://api.funtranslations.com/?utm_source=apislist.com
https://apislist.com/api/862/exude-api,http://uttesh.com/exude-api/?utm_source=apislist.com
https://apislist.com/api/346/mocky,https://designer.mocky.io/?utm_source=apislist.com
https://apislist.com/api/591/hyrule-compendium,https://github.com/gadhagod/Hyrule-Compendium-API?utm_source=apislist.com
https://apislist.com/api/619/rick-and-morty,https://rickandmortyapi.com?utm_source=apislist.com
https://apislist.com/api/968/datamuse,https://www.datamuse.com/api/?utm_source=apislist.com
https://apislist.com/api/1296/transport-for-paris-france,http://data.ratp.fr/api/v1/console/datasets/1.0/search/?utm_source=apislist.com
https://apislist.com/api/40/nekosbest,https://docs.nekos.best?utm_source=apislist.com
https://apislist.com/api/1239/postalpincode,http://www.postalpincode.in/Api-Details?utm_source=apislist.com
https://apislist.com/api/1331/brazilian-vehicles-and-prices,https://deividfortuna.github.io/fipe/?utm_source=apislist.com
https://apislist.com/api/1140/lanyard,https://github.com/Phineas/lanyard?utm_source=apislist.com
https://apislist.com/api/991/programming-quotes,https://github.com/skolakoda/programming-quotes-api?utm_source=apislist.com
https://apislist.com/api/707/postcodesio,https://postcodes.io?utm_source=apislist.com
https://apislist.com/api/931/18f,http://18f.github.io/API-All-the-X/?utm_source=apislist.com
https://apislist.com/api/1067/usgs-earthquake-hazards-program,https://earthquake.usgs.gov/fdsnws/event/1/?utm_source=apislist.com
https://apislist.com/api/1361/stranger-things-quotes,https://github.com/shadowoff09/strangerthings-quotes?utm_source=apislist.com
https://apislist.com/api/293/codex,https://github.com/Jaagrav/CodeX?utm_source=apislist.com
https://apislist.com/api/447/chucknorrisio,https://api.chucknorris.io?utm_source=apislist.com
https://apislist.com/api/1246/airportsapi,https://airport-web.appspot.com/api/docs/?utm_source=apislist.com
https://apislist.com/api/1390/hong-kong-obervatory,https://www.hko.gov.hk/en/abouthko/opendata_intro.htm?utm_source=apislist.com
https://apislist.com/api/1846/quandl,https://www.quandl.com/?utm_source=apislist.com
https://apislist.com/api/1007/apilayer-screenshotlayer,https://screenshotlayer.com?utm_source=apislist.com
https://apislist.com/api/1007/apilayer-screenshotlayer,https://screenshotlayer.com?utm_source=apislist.com
https://apislist.com/api/1269/opensky-network,https://opensky-network.org/apidoc/index.html?utm_source=apislist.com
https://apislist.com/api/1785/libgen,https://garbage.world/the-library-genesis-api.html?utm_source=apislist.com
https://apislist.com/api/1806/oopspam,https://oopspam.com/?utm_source=apislist.com
https://apislist.com/api/1844/fonoapi,https://fonoapi.freshpixl.com/?utm_source=apislist.com
https://apislist.com/api/147/czech-namedays-calendar,https://svatky.adresa.info?utm_source=apislist.com
https://apislist.com/api/926/spaceflight-news,https://spaceflightnewsapi.net?utm_source=apislist.com
https://apislist.com/api/811/coronavirus,https://pipedream.com/@pravin/http-api-for-latest-wuhan-coronavirus-data-2019-ncov-p_G6CLVM/readme?utm_source=apislist.com
https://apislist.com/api/1197/dicebear-avatars,https://avatars.dicebear.com/?utm_source=apislist.com
https://apislist.com/api/1799/languagelayer,https://languagelayer.com?utm_source=apislist.com
https://apislist.com/api/631/tronald-dump,https://www.tronalddump.io/?utm_source=apislist.com
https://apislist.com/api/43/trace-moe,https://soruly.github.io/trace.moe-api/#/?utm_source=apislist.com
https://apislist.com/api/108/gutendex,https://gutendex.com/?utm_source=apislist.com
https://apislist.com/api/286/bored,https://www.boredapi.com/?utm_source=apislist.com
https://apislist.com/api/516/wallstreetbets,https://dashboard.nbshare.io/apps/reddit/api/?utm_source=apislist.com
https://apislist.com/api/585/gw2spidy,https://github.com/rubensayshi/gw2spidy/wiki?utm_source=apislist.com
https://apislist.com/api/637/xkcd,https://xkcd.com/json.html?utm_source=apislist.com
https://apislist.com/api/933/archiveorg,https://archive.readme.io/docs?utm_source=apislist.com
https://apislist.com/api/1196/bacon-ipsum,https://baconipsum.com/json-api/?utm_source=apislist.com
https://apislist.com/api/1345/dune,https://github.com/ywalia01/dune-api?utm_source=apislist.com
https://apislist.com/api/119/wizard-world,https://wizard-world-api.herokuapp.com/swagger/index.html?utm_source=apislist.com
https://apislist.com/api/633/valorant-non-official,https://valorant-api.com?utm_source=apislist.com
https://apislist.com/api/896/lyricsovh,https://lyricsovh.docs.apiary.io?utm_source=apislist.com
https://apislist.com/api/454/random-useless-facts,https://uselessfacts.jsph.pl/?utm_source=apislist.com
https://apislist.com/api/327/icanhazip,https://major.io/icanhazip-com-faq/?utm_source=apislist.com
https://apislist.com/api/696/nominatim,https://nominatim.org/release-docs/latest/api/Overview/?utm_source=apislist.com
https://apislist.com/api/298/digitalocean-status,https://status.digitalocean.com/api?utm_source=apislist.com
https://apislist.com/api/1826/ip-location,http://ip-api.com/?utm_source=apislist.com
https://apislist.com/api/1921/scraperrun,https://scraper.run?utm_source=apislist.com
https://apislist.com/api/1394/odweather,http://api.oceandrivers.com/static/docs.html?utm_source=apislist.com
https://apislist.com/api/440/mailtm,https://docs.mail.tm?utm_source=apislist.com
https://apislist.com/api/456/yo-momma-jokes,https://github.com/beanboi7/yomomma-apiv2?utm_source=apislist.com
https://apislist.com/api/1240/postmon,http://postmon.com.br?utm_source=apislist.com
https://apislist.com/api/1250/aviationapi,https://docs.aviationapi.com?utm_source=apislist.com
https://apislist.com/api/622/runescape,https://runescape.wiki/w/Application_programming_interface?utm_source=apislist.com
https://apislist.com/api/583/graphql-pokemon,https://github.com/favware/graphql-pokemon?utm_source=apislist.com
https://apislist.com/api/622/runescape,https://runescape.wiki/w/Application_programming_interface?utm_source=apislist.com
https://apislist.com/api/1358/ron-swanson-quotes,https://github.com/jamesseanwright/ron-swanson-quotes#ron-swanson-quotes-api?utm_source=apislist.com
https://apislist.com/api/1365/swapi-graphql,https://graphql.org/swapi-graphql?utm_source=apislist.com
https://apislist.com/api/1355/movie-quote,https://github.com/F4R4N/movie-quote/?utm_source=apislist.com
https://apislist.com/api/436/guerrilla-mail,https://www.guerrillamail.com/GuerrillaMailAPI.html?utm_source=apislist.com
https://apislist.com/api/623/sakura-cardcaptor,https://github.com/JessVel/sakura-card-captor-api?utm_source=apislist.com
https://apislist.com/api/112/quran,https://quran.api-docs.io/?utm_source=apislist.com
https://apislist.com/api/1097/national-vulnerability-database,https://nvd.nist.gov/vuln/Data-Feeds/JSON-feed-changelog?utm_source=apislist.com
https://apislist.com/api/260/frankfurter,https://www.frankfurter.app/docs?utm_source=apislist.com
https://apislist.com/api/1875/weather-hacks,http://weather.livedoor.com/weather_hacks/?utm_source=apislist.com
https://apislist.com/api/601/minecraft-server-status,https://api.mcsrvstat.us?utm_source=apislist.com
https://apislist.com/api/1052/nasa,https://api.nasa.gov?utm_source=apislist.com
https://apislist.com/api/251/currency-api,https://github.com/fawazahmed0/currency-api#readme?utm_source=apislist.com
https://apislist.com/api/537/the-report-of-the-week,https://github.com/andyklimczak/TheReportOfTheWeek-API?utm_source=apislist.com
https://apislist.com/api/668/geonames,http://www.geonames.org/export/web-services.html?utm_source=apislist.com
https://apislist.com/api/570/ffxiv-collect,https://ffxivcollect.com/?utm_source=apislist.com
https://apislist.com/api/594/jokeapi,https://sv443.net/jokeapi/v2/?utm_source=apislist.com
https://apislist.com/api/570/ffxiv-collect,https://ffxivcollect.com/?utm_source=apislist.com
https://apislist.com/api/594/jokeapi,https://sv443.net/jokeapi/v2/?utm_source=apislist.com
https://apislist.com/api/898/musicbrainz,https://musicbrainz.org/doc/Development/XML_Web_Service/Version_2?utm_source=apislist.com
https://apislist.com/api/1165/balldontlie,https://www.balldontlie.io?utm_source=apislist.com
https://apislist.com/api/1942/bank-card-bin-number-check,https://rapidapi.com/blackbunny/api/bank-card-bin-num-check?utm_source=apislist.com
https://apislist.com/api/1401/rainviewer,https://www.rainviewer.com/api.html?utm_source=apislist.com
https://apislist.com/api/348/nationalizeio,https://nationalize.io?utm_source=apislist.com
https://apislist.com/api/1924/scraperrun,https://scraper.run/?utm_source=apislist.com
https://apislist.com/api/271/24-pull-requests,https://24pullrequests.com/api?utm_source=apislist.com
https://apislist.com/api/550/board-game-geek,https://boardgamegeek.com/wiki/page/BGG_XML_API2?utm_source=apislist.com
https://apislist.com/api/1266/metro-lisboa,http://app.metrolisboa.pt/status/getLinhas.php?utm_source=apislist.com
https://apislist.com/api/1173/football-soccer-videos,https://www.scorebat.com/video-api/?utm_source=apislist.com
https://apislist.com/api/979/advice-slip,http://api.adviceslip.com/?utm_source=apislist.com
https://apislist.com/api/962/urban-observatory,https://urbanobservatory.ac.uk?utm_source=apislist.com
https://apislist.com/api/1396/open-meteo,https://open-meteo.com/?utm_source=apislist.com
https://apislist.com/api/1909/volca-technology-api,https://volca.io/technology-api/?utm_source=apislist.com
https://apislist.com/api/638/yu-gi-oh,https://db.ygoprodeck.com/api-guide/?utm_source=apislist.com
https://apislist.com/api/892/jiosaavn,https://github.com/cyberboysumanjay/JioSaavnAPI?utm_source=apislist.com
https://apislist.com/api/32/animenewsnetwork,https://www.animenewsnetwork.com/encyclopedia/api.php?utm_source=apislist.com
https://apislist.com/api/1337/an-api-of-ice-and-fire,https://anapioficeandfire.com/?utm_source=apislist.com
https://apislist.com/api/766/open-government-cyprus,https://data.gov.cy/?language=en?utm_source=apislist.com
https://apislist.com/api/735/city-helsinki,https://hri.fi/en_gb/?utm_source=apislist.com
https://apislist.com/api/434/dropmail,https://dropmail.me/api/#live-demo?utm_source=apislist.com
https://apislist.com/api/25/xeno-canto,https://xeno-canto.org/explore/api?utm_source=apislist.com
https://apislist.com/api/935/botsarchive,https://botsarchive.com/docs.html?utm_source=apislist.com
https://apislist.com/api/1348/harry-potter-charactes,https://hp-api.herokuapp.com/?utm_source=apislist.com
https://apislist.com/api/568/dungeons-and-dragons-alternate,https://open5e.com/?utm_source=apislist.com
https://apislist.com/api/63/colormind,http://colormind.io/api-access/?utm_source=apislist.com
https://apislist.com/api/914/chronicling-america,http://chroniclingamerica.loc.gov/about/api/?utm_source=apislist.com
https://apislist.com/api/531/punkapi,https://punkapi.com/?utm_source=apislist.com
https://apislist.com/api/463/grnstromindex,https://gruenstromindex.de/?utm_source=apislist.com
https://apislist.com/api/170/pantry,https://getpantry.cloud/?utm_source=apislist.com
https://apislist.com/api/170/pantry,https://getpantry.cloud/?utm_source=apislist.com
https://apislist.com/api/1340/breaking-bad-quotes,https://github.com/shevabam/breaking-bad-quotes?utm_source=apislist.com
https://apislist.com/api/986/icanhazdadjoke,https://icanhazdadjoke.com/api?utm_source=apislist.com
https://apislist.com/api/1858/football-dataorg,http://api.football-data.org/index?utm_source=apislist.com
https://apislist.com/api/1905/groundhog-day-api,https://groundhog-day.com/api?utm_source=apislist.com
https://apislist.com/api/1775/shadify,https://github.com/cheatsnake/shadify?utm_source=apislist.com
https://apislist.com/api/1174/football-standings,https://github.com/azharimm/football-standings-api?utm_source=apislist.com
https://apislist.com/api/546/animal-crossing-new-horizons,http://acnhapi.com/?utm_source=apislist.com
https://apislist.com/api/1064/sunrise-and-sunset,https://sunrise-sunset.org/api?utm_source=apislist.com
https://apislist.com/api/545/amiiboapi,https://amiiboapi.com/?utm_source=apislist.com
https://apislist.com/api/561/deck-of-cards,http://deckofcardsapi.com/?utm_source=apislist.com
https://apislist.com/api/322/httpbin,https://httpbin.org/?utm_source=apislist.com
https://apislist.com/api/484/binlist,https://binlist.net/?utm_source=apislist.com
https://apislist.com/api/565/disney,https://disneyapi.dev?utm_source=apislist.com
https://apislist.com/api/21/randomfox,https://randomfox.ca/floof/?utm_source=apislist.com
https://apislist.com/api/23/shibeonline,http://shibe.online/?utm_source=apislist.com
https://apislist.com/api/1862/ui-names,https://github.com/thm/uinames?utm_source=apislist.com
https://apislist.com/api/16/placebear,https://placebear.com/?utm_source=apislist.com
https://apislist.com/api/733/city-gdask,https://ckan.multimediagdansk.pl/en?utm_source=apislist.com
https://apislist.com/api/163/fileio,https://www.file.io?utm_source=apislist.com
https://apislist.com/api/13/meowfacts,https://github.com/wh-iterabb-it/meowfacts?utm_source=apislist.com
https://apislist.com/api/580/geek-jokes,https://github.com/sameerkumar18/geek-joke-api?utm_source=apislist.com
https://apislist.com/api/711/rwanda-locations,https://rapidapi.com/victorkarangwa4/api/rwanda?utm_source=apislist.com
https://apislist.com/api/1895/googlebot-api,https://seoapi.com/googlebot/?utm_source=apislist.com
https://apislist.com/api/617/raider,https://raider.io/api?utm_source=apislist.com
https://apislist.com/api/400/wiktionary,https://en.wiktionary.org/w/api.php?utm_source=apislist.com
https://apislist.com/api/993/quote-garden,https://pprathameshmore.github.io/QuoteGarden/?utm_source=apislist.com
https://apislist.com/api/102/bible-api,https://bible-api.com/?utm_source=apislist.com
https://apislist.com/api/563/digimon-information,https://digimon-api.vercel.app/?utm_source=apislist.com
https://apislist.com/api/883/bandsintown,https://app.swaggerhub.com/apis/Bandsintown/PublicAPI/3.0.0?utm_source=apislist.com
https://apislist.com/api/553/cheapshark,https://www.cheapshark.com/api?utm_source=apislist.com
https://apislist.com/api/1352/lucifer-quotes,https://github.com/shadowoff09/lucifer-quotes?utm_source=apislist.com
https://apislist.com/api/1840/devitjobs,https://devitjobs.us/api/jobsLight?utm_source=apislist.com
https://apislist.com/api/559/crafatar,https://crafatar.com?utm_source=apislist.com
https://apislist.com/api/958/ume-open-data,https://opendata.umea.se/api/?utm_source=apislist.com
https://apislist.com/api/1170/ergast-f1,http://ergast.com/mrd/?utm_source=apislist.com
https://apislist.com/api/634/warface-non-official,https://api.wfstats.cf?utm_source=apislist.com
https://apislist.com/api/1047/isro,https://isro.vercel.app?utm_source=apislist.com
https://apislist.com/api/1817/routingnumbersinfo,https://www.routingnumbers.info/api/index.html?utm_source=apislist.com
https://apislist.com/api/14/movebank,https://github.com/movebank/movebank-api-doc?utm_source=apislist.com
https://apislist.com/api/1373/tvmaze,http://www.tvmaze.com/api?utm_source=apislist.com
https://apislist.com/api/433/disify,https://www.disify.com/?utm_source=apislist.com
https://apislist.com/api/1824/indian-cities,https://indian-cities-api-nocbegfhqg.now.sh/?utm_source=apislist.com
https://apislist.com/api/1406/weather-api,https://github.com/robertoduessmann/weather-api?utm_source=apislist.com
https://apislist.com/api/1167/city-bikes,https://api.citybik.es/v2/?utm_source=apislist.com
https://apislist.com/api/393/free-dictionary,https://dictionaryapi.dev/?utm_source=apislist.com
https://apislist.com/api/1350/imdbot,https://github.com/SpEcHiDe/IMDbOT?utm_source=apislist.com
https://apislist.com/api/76/php-noise,https://php-noise.com/?utm_source=apislist.com
https://apislist.com/api/529/open-brewery-db,https://www.openbrewerydb.org?utm_source=apislist.com
https://apislist.com/api/1894/bingbot-api,https://seoapi.com/bingbot/?utm_source=apislist.com
https://apislist.com/api/362/qr-code,https://www.qrtag.net/api/?utm_source=apislist.com
https://apislist.com/api/153/nagerdate,https://date.nager.at?utm_source=apislist.com
https://apislist.com/api/525/foodish,https://github.com/surhud004/Foodish#readme?utm_source=apislist.com
https://apislist.com/api/624/scryfall,https://scryfall.com/docs/api?utm_source=apislist.com
https://apislist.com/api/62/art-institute-of-chicago,https://api.artic.edu/docs/?utm_source=apislist.com
https://apislist.com/api/988/kanyerest,https://kanye.rest?utm_source=apislist.com
https://apislist.com/api/887/gaana,https://github.com/cyberboysumanjay/GaanaAPI?utm_source=apislist.com
https://apislist.com/api/1027/readme-typing-svg,https://github.com/DenverCoder1/readme-typing-svg?utm_source=apislist.com
https://apislist.com/api/274/api-grtis,https://apigratis.com.br/?utm_source=apislist.com
https://apislist.com/api/6/dog-facts,https://dukengn.github.io/Dog-facts-API/?utm_source=apislist.com
https://apislist.com/api/150/hebrew-calendar,https://www.hebcal.com/home/developer-apis?utm_source=apislist.com
https://apislist.com/api/606/open-trivia,https://opentdb.com/api_config.php?utm_source=apislist.com
https://apislist.com/api/10/http-cat,https://http.cat/?utm_source=apislist.com
https://apislist.com/api/919/inshorts-news,https://github.com/cyberboysumanjay/Inshorts-News-API?utm_source=apislist.com
https://apislist.com/api/996/stoicism-quote,https://github.com/tlcheah2/stoic-quote-lambda-public-api?utm_source=apislist.com
https://apislist.com/api/1099/phishstats,https://phishstats.info/?utm_source=apislist.com
https://apislist.com/api/1774/project-gutenberg-api,https://gnikdroy.pythonanywhere.com/docs/?utm_source=apislist.com
https://apislist.com/api/621/rps-101,https://rps101.pythonanywhere.com/api?utm_source=apislist.com
https://apislist.com/api/572/final-fantasy-xiv,https://xivapi.com/?utm_source=apislist.com
https://apislist.com/api/11/http-dog,https://http.dog/?utm_source=apislist.com
https://apislist.com/api/1198/english-random-words,https://random-words-api.vercel.app/word?utm_source=apislist.com
https://apislist.com/api/1767/placemonkeys,https://www.placemonkeys.com/?utm_source=apislist.com
https://apislist.com/api/45/waifupics,https://waifu.pics/docs?utm_source=apislist.com
https://apislist.com/api/1001/zen-quotes,https://zenquotes.io/?utm_source=apislist.com
https://apislist.com/api/581/genshin-impact,https://genshin.dev?utm_source=apislist.com
https://apislist.com/api/258/exchangeratehost,https://exchangerate.host?utm_source=apislist.com
https://apislist.com/api/31/animefacts,https://chandan-02.github.io/anime-facts-rest-api/?utm_source=apislist.com
https://apislist.com/api/520/baconmockup,https://baconmockup.com/?utm_source=apislist.com
https://apislist.com/api/109/open-library,https://openlibrary.org/developers/api?utm_source=apislist.com
https://apislist.com/api/1893/http-garden,https://http.garden/?utm_source=apislist.com
https://apislist.com/api/632/universalis,https://universalis.app/docs/index.html?utm_source=apislist.com
https://apislist.com/api/903/radio-browser,https://api.radio-browser.info/?utm_source=apislist.com
https://apislist.com/api/17/placedog,https://place.dog?utm_source=apislist.com
https://apislist.com/api/1231/libretranslate,https://libretranslate.com/docs?utm_source=apislist.com
https://apislist.com/api/44/waifuim,https://waifu.im/docs?utm_source=apislist.com
https://apislist.com/api/1904/potter-db,https://github.com/danielschuster-muc/potter-db/wiki?utm_source=apislist.com
https://apislist.com/api/611/pokapi-graphql,https://github.com/mazipan/graphql-pokeapi?utm_source=apislist.com
https://apislist.com/api/4/cataas,https://cataas.com/?utm_source=apislist.com
https://apislist.com/api/530/open-food-facts,https://world.openfoodfacts.org/data?utm_source=apislist.com
https://apislist.com/api/756/interpol-red-notices,https://interpol.api.bund.dev/?utm_source=apislist.com
https://apislist.com/api/1822/jokes,https://github.com/15Dkatz/official_joke_api?utm_source=apislist.com
https://apislist.com/api/273/agifyio,https://agify.io?utm_source=apislist.com
https://apislist.com/api/20/randomduck,https://random-d.uk/api?utm_source=apislist.com
https://apislist.com/api/526/fruityvice,https://www.fruityvice.com?utm_source=apislist.com
https://apislist.com/api/1973/songs-excerpt,https://songsexcerpt.mohd.app/?utm_source=apislist.com
https://apislist.com/api/1887/urban-dictionary,https://github.com/n0nuser/urban-dictionary-api?utm_source=apislist.com
https://apislist.com/api/1200/fakerapi,https://fakerapi.it/en?utm_source=apislist.com
https://apislist.com/api/1892/http-cats,https://httpcats.com/?utm_source=apislist.com
https://apislist.com/api/281/beeceptor,https://beeceptor.com/?utm_source=apislist.com
https://apislist.com/api/1977/dlar-api-argentina,https://dolar-api-argentina.vercel.app/?utm_source=apislist.com
https://apislist.com/api/1379/7timer,http://www.7timer.info/doc.php?lang=en?utm_source=apislist.com
https://apislist.com/api/554/chesscom,https://www.chess.com/news/view/published-data-api?utm_source=apislist.com
https://apislist.com/api/30/animechan,https://github.com/RocktimSaikia/anime-chan?utm_source=apislist.com
https://apislist.com/api/1857/cartola-fc,https://github.com/wgenial/cartrolandofc?utm_source=apislist.com
https://apislist.com/api/1005/phone-specification,https://github.com/azharimm/phone-specs-api?utm_source=apislist.com
https://apislist.com/api/1926/blue-archive,https://github.com/arufars/api-blue-archive?utm_source=apislist.com
https://apislist.com/api/451/imgflip,https://imgflip.com/api?utm_source=apislist.com
https://apislist.com/api/342/lua-decompiler,https://lua-decompiler.ferib.dev/?utm_source=apislist.com
https://apislist.com/api/610/pokapi,https://pokeapi.co?utm_source=apislist.com
https://apislist.com/api/1368/thronesapi,https://thronesapi.com/?utm_source=apislist.com
https://apislist.com/api/1930/meme,https://github.com/D3vd/Meme_Api?utm_source=apislist.com
https://apislist.com/api/7/dogs,https://dog.ceo/dog-api/?utm_source=apislist.com
https://apislist.com/api/596/jservice,http://jservice.io?utm_source=apislist.com
https://apislist.com/api/9/fishwatch,https://www.fishwatch.gov/developers?utm_source=apislist.com
https://apislist.com/api/33/catboy,https://catboys.com/api?utm_source=apislist.com
https://apislist.com/api/296/countapi,https://countapi.xyz?utm_source=apislist.com
https://apislist.com/api/567/dungeons-and-dragons,https://www.dnd5eapi.co/docs/?utm_source=apislist.com
https://apislist.com/api/291/ciprand,https://github.com/polarspetroll/ciprand?utm_source=apislist.com
https://apislist.com/api/522/coffee,https://coffee.alexflipnote.dev/?utm_source=apislist.com
https://apislist.com/api/2026/punapi,https://www.punapi.rest/?utm_source=apislist.com
https://apislist.com/api/3/cat-facts,https://alexwohlbruck.github.io/cat-facts/?utm_source=apislist.com
https://apislist.com/api/612/pokmon-tcg,https://pokemontcg.io?utm_source=apislist.com
https://apislist.com/api/1888/allkeyshop,https://github.com/n0nuser/allkeyshop-api?utm_source=apislist.com
https://apislist.com/api/1821/recipe-puppy,http://www.recipepuppy.com/about/api/?utm_source=apislist.com
https://apislist.com/api/1931/potter-db,https://potterdb.com?utm_source=apislist.com
